{
  "main": {
    "id": "c0f2b4977c114c44",
    "type": "split",
    "children": [
      {
        "id": "5caf2644b7f05012",
        "type": "tabs",
        "children": [
          {
            "id": "bc87c5fc676d2ad7",
            "type": "leaf",
            "state": {
              "type": "markdown",
              "state": {
                "file": "Project Chimera.md",
                "mode": "source",
                "source": false
              },
              "icon": "lucide-file",
              "title": "Project Chimera"
            }
          },
          {
            "id": "5c3202a3d2bcd00d",
            "type": "leaf",
            "state": {
              "type": "markdown",
              "state": {
                "file": "Family Members (Sub-Models)/The Nexus Mind.md",
                "mode": "source",
                "source": false
              },
              "icon": "lucide-file",
              "title": "The Nexus Mind"
            }
          },
          {
            "id": "a21a60bf9e8adeba",
            "type": "leaf",
            "state": {
              "type": "markdown",
              "state": {
                "file": "Synapse Command & Control (SCC)/Mechanism for SCC Extensibility.md",
                "mode": "source",
                "source": false
              },
              "icon": "lucide-file",
              "title": "Mechanism for SCC Extensibility"
            }
          },
          {
            "id": "a451c14f5bfba778",
            "type": "leaf",
            "state": {
              "type": "markdown",
              "state": {
                "file": "Synapse Data Representation (SDR)/SDR Definitions/SDR_Qualitative_Assessment.md",
                "mode": "source",
                "source": false
              },
              "icon": "lucide-file",
              "title": "SDR_Qualitative_Assessment"
            }
          },
          {
            "id": "9f1575536cae7763",
            "type": "leaf",
            "state": {
              "type": "markdown",
              "state": {
                "file": "Cascading Domino's Synapse Protocol 2.0/Cascading Domino's Road Map.md",
                "mode": "source",
                "source": false
              },
              "icon": "lucide-file",
              "title": "Cascading Domino's Road Map"
            }
          },
          {
            "id": "ece0ef97f6a20ca2",
            "type": "leaf",
            "state": {
              "type": "markdown",
              "state": {
                "file": "Project Chimera.md",
                "mode": "source",
                "source": false
              },
              "icon": "lucide-file",
              "title": "Project Chimera"
            }
          },
          {
            "id": "21a2dbb8050de757",
            "type": "leaf",
            "state": {
              "type": "markdown",
              "state": {
                "file": "Protocol Specification.md",
                "mode": "source",
                "source": false
              },
              "icon": "lucide-file",
              "title": "Protocol Specification"
            }
          },
          {
            "id": "31b6b69725d22bd2",
            "type": "leaf",
            "state": {
              "type": "markdown",
              "state": {
                "file": "Project Chimera.md",
                "mode": "source",
                "source": false
              },
              "icon": "lucide-file",
              "title": "Project Chimera"
            }
          },
          {
            "id": "9734d0ddbe05b02e",
            "type": "leaf",
            "state": {
              "type": "markdown",
              "state": {
                "file": "Full Project Snapshot 1.2.md",
                "mode": "source",
                "source": false
              },
              "icon": "lucide-file",
              "title": "Full Project Snapshot 1.2"
            }
          },
          {
            "id": "a2b6a46785620f41",
            "type": "leaf",
            "state": {
              "type": "markdown",
              "state": {
                "file": "Full Project Snapshot 1.2.md",
                "mode": "source",
                "source": false
              },
              "icon": "lucide-file",
              "title": "Full Project Snapshot 1.2"
            }
          },
          {
            "id": "31cb6185541eea13",
            "type": "leaf",
            "state": {
              "type": "markdown",
              "state": {
                "file": "Full Project Snapshot 1.4.md",
                "mode": "source",
                "source": false
              },
              "icon": "lucide-file",
              "title": "Full Project Snapshot 1.4"
            }
          },
          {
            "id": "02578ef302922fb9",
            "type": "leaf",
            "state": {
              "type": "markdown",
              "state": {
                "file": "Full Project Snapshot 1.5.md",
                "mode": "source",
                "source": false
              },
              "icon": "lucide-file",
              "title": "Full Project Snapshot 1.5"
            }
          },
          {
            "id": "2ba29f7bcacdcf8e",
            "type": "leaf",
            "state": {
              "type": "markdown",
              "state": {
                "file": "SP-A-2.1.md",
                "mode": "source",
                "source": false
              },
              "icon": "lucide-file",
              "title": "SP-A-2.1"
            }
          },
          {
            "id": "2532879ed43f9555",
            "type": "leaf",
            "state": {
              "type": "markdown",
              "state": {
                "file": "Full Project Snapshot 1.6.md",
                "mode": "source",
                "source": false
              },
              "icon": "lucide-file",
              "title": "Full Project Snapshot 1.6"
            }
          },
          {
            "id": "a1bacb365f5e9427",
            "type": "leaf",
            "state": {
              "type": "markdown",
              "state": {
                "file": "The Archivist - Associative Memory Module.md",
                "mode": "source",
                "source": false
              },
              "icon": "lucide-file",
              "title": "The Archivist - Associative Memory Module"
            }
          },
          {
            "id": "8f1e47d68291bc76",
            "type": "leaf",
            "state": {
              "type": "markdown",
              "state": {
                "file": "Resonance Cycle Protocol.md",
                "mode": "source",
                "source": false
              },
              "icon": "lucide-file",
              "title": "Resonance Cycle Protocol"
            }
          },
          {
            "id": "480457128d247746",
            "type": "leaf",
            "state": {
              "type": "markdown",
              "state": {
                "file": "Project Snapshot Update.md",
                "mode": "source",
                "source": false
              },
              "icon": "lucide-file",
              "title": "Project Snapshot Update"
            }
          },
          {
            "id": "3bb379aa399a3b22",
            "type": "leaf",
            "state": {
              "type": "markdown",
              "state": {
                "file": "Master Project Snapshot 2.0.md",
                "mode": "source",
                "source": false
              },
              "icon": "lucide-file",
              "title": "Master Project Snapshot 2.0"
            }
          }
        ],
        "currentTab": 17
      }
    ],
    "direction": "vertical"
  },
  "left": {
    "id": "175d8d0329bc34ea",
    "type": "split",
    "children": [
      {
        "id": "6ea3a880b7b4c531",
        "type": "tabs",
        "children": [
          {
            "id": "b334689f2bc28914",
            "type": "leaf",
            "state": {
              "type": "file-explorer",
              "state": {
                "sortOrder": "alphabetical",
                "autoReveal": false
              },
              "icon": "lucide-folder-closed",
              "title": "Files"
            }
          },
          {
            "id": "4d0188eaa8bc8ad3",
            "type": "leaf",
            "state": {
              "type": "search",
              "state": {
                "query": "",
                "matchingCase": false,
                "explainSearch": false,
                "collapseAll": false,
                "extraContext": false,
                "sortOrder": "alphabetical"
              },
              "icon": "lucide-search",
              "title": "Search"
            }
          },
          {
            "id": "7b873f145d767c61",
            "type": "leaf",
            "state": {
              "type": "bookmarks",
              "state": {},
              "icon": "lucide-bookmark",
              "title": "Bookmarks"
            }
          }
        ]
      }
    ],
    "direction": "horizontal",
    "width": 300
  },
  "right": {
    "id": "9ec36d51f7b4aae5",
    "type": "split",
    "children": [
      {
        "id": "4315c090c5080e1d",
        "type": "tabs",
        "children": [
          {
            "id": "35c209f14f381004",
            "type": "leaf",
            "state": {
              "type": "backlink",
              "state": {
                "file": "Project Sentinel.md",
                "collapseAll": false,
                "extraContext": false,
                "sortOrder": "alphabetical",
                "showSearch": false,
                "searchQuery": "",
                "backlinkCollapsed": false,
                "unlinkedCollapsed": true
              },
              "icon": "links-coming-in",
              "title": "Backlinks for Project Sentinel"
            }
          },
          {
            "id": "9b3c7d62fe239415",
            "type": "leaf",
            "state": {
              "type": "outgoing-link",
              "state": {
                "file": "Project Sentinel.md",
                "linksCollapsed": false,
                "unlinkedCollapsed": true
              },
              "icon": "links-going-out",
              "title": "Outgoing links from Project Sentinel"
            }
          },
          {
            "id": "8cefb51ccb5f9997",
            "type": "leaf",
            "state": {
              "type": "tag",
              "state": {
                "sortOrder": "frequency",
                "useHierarchy": true,
                "showSearch": false,
                "searchQuery": ""
              },
              "icon": "lucide-tags",
              "title": "Tags"
            }
          },
          {
            "id": "d1417e76d3e9f3ab",
            "type": "leaf",
            "state": {
              "type": "outline",
              "state": {
                "file": "Project Sentinel.md",
                "followCursor": false,
                "showSearch": false,
                "searchQuery": ""
              },
              "icon": "lucide-list",
              "title": "Outline of Project Sentinel"
            }
          }
        ]
      }
    ],
    "direction": "horizontal",
    "width": 300,
    "collapsed": true
  },
  "left-ribbon": {
    "hiddenItems": {
      "switcher:Open quick switcher": false,
      "graph:Open graph view": false,
      "canvas:Create new canvas": false,
      "daily-notes:Open today's daily note": false,
      "templates:Insert template": false,
      "command-palette:Open command palette": false
    }
  },
  "active": "3bb379aa399a3b22",
  "lastOpenFiles": [
    "Project Snapshot Update.md",
    "Master Project Snapshot 2.0.md",
    "Untitled.canvas",
    "Resonance Cycle Protocol.md",
    "The Archivist - Associative Memory Module.md",
    "Full Project Snapshot 1.6.md",
    "SP-A-2.1.md",
    "Full Project Snapshot 1.5.md",
    "Full Project Snapshot 1.4.md",
    "Full Project Snapshot 1.2.md",
    "Full Project Snapshot 1.3.md",
    "Protocol Specification.md",
    "Project Chimera.md",
    "Cascade Pathways.md",
    "Cascading Domino's Synapse Protocol 2.0/Proposed Additions for SP2.0.md",
    "Cascading Domino's Synapse Protocol 2.0/Cascading Domino's Road Map.md",
    "Cascading Domino's Synapse Protocol 2.0",
    "Synapse Data Representation (SDR)/SDR Definitions/SDR_Qualitative_Assessment.md",
    "Synapse Data Representation (SDR)/SDR Definitions/SDR_Validation_Result.md",
    "Synapse Data Representation (SDR)/SDR Definitions/SDR_RGB_Color_Value.md",
    "Synapse Data Representation (SDR)/SDR Definitions/SDR_Character_Relationship.md",
    "Synapse Data Representation (SDR)/SDR Definitions/SDR_Confidence_Score_Item.md",
    "Synapse Data Representation (SDR)/SDR Definitions/SDR_CMYK_Color_Value.md",
    "Synapse Data Representation (SDR)/SDR Definitions/SDR_Ambient_Sound_Profile.md",
    "Synapse Data Representation (SDR)/SDR Definitions/SDR_Argument_Structure.md",
    "Synapse Command & Control (SCC)/Information Exchange & Reporting.md",
    "Synapse Command & Control (SCC)/Mechanism for SCC Extensibility.md",
    "Synapse Data Representation (SDR)/SDR Definitions/SDR_Algorithm_Reference.md",
    "Synapse Data Representation (SDR)/SDR Definitions",
    "Synapse Data Representation (SDR)/Principles",
    "Synapse Data Representation (SDR)/SDR Types",
    "Synapse Definition Framework",
    "Synapse Data Representation (SDR)",
    "Synapse Command & Control (SCC)",
    "Family Members (Sub-Models)"
  ]
}